,New World Albany,New World Birkenhead,New World Botany,New World Browns Bay,New World Devonport,New World Eastridge,New World Green Bay,New World Hobsonville,New World Howick,New World Long Bay,New World Metro Shore City,New World Metro Queen St,New World Milford,New World Mt Albert,New World Mt Roskill,New World New Lynn,New World Newmarket,New World Ormiston,New World Papakura,New World Papatoetoe,New World Point Chevalier,New World Remuera,New World Southmall,New World Stonefields,New World Victoria Park,Pak 'n Save Albany,Pak 'n Save Botany,Pak 'n Save Clendon,Pak 'n Save Glen Innes,Pak 'n Save Highland Park,Pak 'n Save Henderson,Pak 'n Save Lincoln Road,Pak 'n Save Mangere,Pak 'n Save Manukau,Pak 'n Save Mt Albert,Pak 'n Save Ormiston,Pak 'n Save Papakura,Pak 'n Save Royal Oak,Pak 'n Save Sylvia Park,Pak 'n Save Wairau Road,Pak 'n Save Westgate,Four Square Botany Junction,Four Square Britomart,Four Square Cockle Bay,Four Square Eden Terrace,Four Square Ellerslie,Four Square Fair Price Henderson,Four Square Glen Eden,Four Square Hobsonville,Four Square Lancaster,Four Square Onehunga,Four Square Remuera,Four Square Pakuranga Heights,Four Square St Heliers,Four Square Torbay,Warehouse
New World Albany,0,1470.51,3101.44,479.95,1869.22,2541.95,2990.95,1138.07,3257.73,775.57,1196.67,1631.56,936.06,1941.84,2551.9,2554.05,1733.23,3273.15,3677.53,2894.75,1903.32,1977.91,3191.44,2368.61,1482.97,132.46,3102.58,3665.46,2843.72,3059.37,2172.75,1720.55,3267.82,2848.95,2146.12,3316.76,3596.28,2237.74,2352.69,812.76,1408.02,3146.69,1656.58,3442.85,1950.65,2022.96,1923.01,2690.91,1182.54,1338.75,2328.42,2103.09,2830.98,2892.45,831.43,2676.59
New World Birkenhead,1468,0,2718.46,1665.65,1702.64,2158.97,2428.56,1790.47,2874.76,1854.86,1030.08,1248.58,1052.05,1558.87,1989.51,2218.17,1350.26,2890.18,3294.56,2511.77,1520.34,1594.94,2808.46,1985.64,1100,1425.49,2719.6,3282.49,2460.74,2676.4,2423.01,2153.67,2705.43,2465.98,1763.15,2933.79,3213.3,1854.77,1969.71,765.3,2060.42,2763.72,1273.61,3059.88,1567.68,1639.98,2356.14,2586.07,1834.94,430.36,1945.44,1720.11,2448,2509.47,1910.72,2114.2
New World Botany,3129.53,2643.59,0,3327.19,3364.18,1690.27,2837.36,3118.31,590.26,3516.4,2691.62,1901.96,2895.07,2073.08,2241.29,2760.6,1637.76,543.63,1755.84,1120.63,2034.55,1605.71,1269.75,1255.63,1982.48,3087.03,127.46,1719.59,1359.81,614.63,2937.22,2667.88,1694.84,846.33,2277.36,587.24,1674.59,1683.57,1083.98,2724.91,2879.21,437.27,1977.16,616.89,1717.5,1325.54,2870.34,3222.14,3162.77,2954.65,1537.76,1589.71,504.59,1620.61,3572.26,2365.98
New World Browns Bay,471.74,1648.94,3279.88,0,2047.66,2720.38,3169.39,1316.51,3436.17,611.9,1375.1,1809.99,1114.5,2120.28,2730.34,2732.49,1911.67,3451.59,3855.97,3073.18,2081.76,2156.35,3369.87,2547.05,1661.41,588.19,3281.01,3843.9,3022.16,3237.81,2351.19,1898.98,3446.26,3027.39,2324.56,3495.2,3774.72,2416.18,2531.13,991.2,1586.46,3325.13,1835.02,3621.29,2129.09,2201.39,2101.45,2869.35,1360.98,1517.19,2506.85,2281.52,3009.41,3070.88,435.93,2855.02
New World Devonport,1923.82,1649.23,3280.16,2121.47,0,2720.67,2990.26,2246.3,3436.46,2310.69,914.62,1810.28,1239.1,2120.57,2551.21,2779.87,1911.96,3451.88,3856.26,3073.47,2082.04,2156.64,3370.16,2547.33,1661.7,1881.32,3281.3,3844.19,3022.44,3238.1,2984.71,2715.37,3267.13,3027.68,2324.85,3495.49,3775,2416.47,2531.41,1519.19,2516.25,3325.42,1835.31,3621.57,2129.38,2201.68,2917.83,3147.77,2290.77,1870.67,2507.14,2281.81,3009.7,3071.17,2366.55,2675.9
New World Eastridge,2587.76,2101.82,1774.2,2785.41,2822.4,0,2266.06,2441.59,1908.57,2974.62,2149.84,964.85,2353.3,1396.36,1827,2055.66,824.53,2152.52,2556.9,1774.11,1357.84,669.29,2070.8,809.96,1440.7,2545.25,1775.34,2544.82,601.35,1710.2,2260.5,1991.17,2542.92,1728.32,1600.64,2196.13,2475.64,1215.41,1232.05,2183.13,2202.5,2026.06,908.83,2093.68,1175.72,840.67,2193.63,2423.57,2486.06,2412.87,1182.7,545.59,1481.81,514.21,3030.48,1951.69
New World Green Bay,2921.81,2353.6,2932.17,3119.46,3074.18,2445.79,0,2089.82,3161.58,3308.68,2401.62,1718.66,2605.08,1030.44,791.85,468.63,1637.08,2713.9,2897.37,2008.78,1078.92,1881.76,2411.27,2272.46,1677.65,2879.31,2999.48,2432.08,2747.57,2963.22,1250.43,1639.39,1694.5,2169.86,691.58,2757.51,2816.11,1291.97,2256.54,2434.91,1850.72,2587.44,1753.97,3346.7,1486.41,1926.81,1554.13,583.55,2134.28,2664.65,1283.71,2006.94,2734.82,2796.29,3364.53,856.44
New World Hobsonville,1262.81,1984.69,3197.59,1460.46,2383.41,2638.1,2156.34,0,3353.89,1649.68,1710.85,1910.96,1450.24,1615.73,1717.28,1719.43,1829.39,3369.31,3773.69,2747.48,1330.15,2074.06,3287.59,2464.76,1869.95,1220.31,3198.73,3170.79,2939.87,3155.53,1338.14,885.93,2433.21,2945.11,1627.51,3412.92,3692.43,2030.67,2448.84,1326.94,573.41,3242.85,1946.28,3539,1678.72,2119.11,1088.39,1856.3,102.95,1632.67,2022.42,2199.24,2927.13,2988.6,1705.53,1841.97
New World Howick,3300.36,2814.43,607.24,3498.01,3535.01,1852.05,3113.6,3289.14,0,3687.23,2862.45,2072.79,3065.91,2243.91,2674.55,2903.21,1808.59,1117.27,2329.49,1633.35,2205.38,1776.54,1843.39,1417.4,2153.31,3257.86,537.05,2293.24,1521.59,268.55,3108.05,2838.71,2268.48,1419.98,2448.19,1160.88,2248.24,1854.4,1254.81,2895.74,3050.04,1010.92,2147.99,232.88,1888.33,1496.37,3041.17,3271.11,3333.6,3125.48,1708.59,1760.54,613.64,1782.39,3743.09,2799.24
New World Long Bay,795.8,1884.19,3515.12,622.19,2282.91,2955.63,3404.64,1551.76,3671.42,0,1610.35,2045.24,1349.75,2355.52,2965.58,2967.73,2146.92,3686.83,4091.22,3308.43,2317,2391.59,3605.12,2782.29,1896.66,892.46,3516.26,4079.14,3257.4,3473.05,2586.43,2134.23,3681.5,3262.64,2559.81,3730.45,4009.96,2651.43,2766.37,1226.44,1821.71,3560.38,2070.27,3856.53,2364.34,2436.64,2336.69,3104.6,1596.22,1752.43,2742.1,2516.77,3244.66,3306.13,220.7,3090.27
New World Metro Shore City,1223.56,948.97,2579.9,1421.21,945.35,2020.41,2290,1546.04,2736.2,1610.43,0,1110.02,385.23,1420.31,1850.95,2079.61,1211.7,2751.62,3156,2373.21,1381.78,1456.37,2669.9,1847.07,961.44,1181.06,2581.04,3143.92,2322.18,2537.84,2284.45,2015.11,2566.87,2327.42,1624.59,2795.23,3074.74,1716.21,1831.15,526.41,1815.99,2625.16,1135.05,2921.31,1429.12,1501.42,2217.57,2447.51,1590.51,1145.59,1806.88,1581.55,2309.44,2370.91,1666.29,1975.64
New World Metro Queen St,1660.41,1174.47,1950.07,1858.06,1895.05,1061.25,1691.11,1866.65,2106.37,2047.27,1222.49,0,1425.95,821.41,1252.06,1480.72,581.86,2121.78,2526.17,1743.38,782.89,826.54,2040.07,1217.24,314.86,1617.91,1951.21,2514.09,1692.35,1908,1685.56,1416.22,1967.98,1697.58,1025.7,2165.4,2444.91,1086.37,1201.32,1255.78,1627.55,1995.32,130.73,2291.48,472.06,871.59,1618.68,1848.62,1911.11,1485.52,1177.05,951.72,1679.61,1292.3,2103.13,1376.74
New World Milford,948.84,1137.49,2768.43,1146.48,1255.78,2208.93,2478.53,1271.31,2924.72,1335.7,385.1,1298.54,0,1608.83,2039.47,2268.13,1400.22,2940.14,3344.52,2561.73,1570.31,1644.9,2858.42,2035.6,1149.96,906.33,2769.56,3332.45,2510.71,2726.36,2305.99,1853.79,2755.39,2515.94,1813.11,2983.75,3263.27,1904.73,2019.68,321.21,1541.26,2813.68,1323.57,3109.84,1617.64,1689.94,2056.25,2824.15,1315.78,1031.73,1995.4,1770.07,2497.96,2559.43,1391.56,2164.16
New World Mt Albert,2337.76,1598.68,2250.36,2535.41,2319.26,1690.87,1046.23,1505.77,2406.66,2724.62,1646.7,963.74,1850.16,0,569.19,858.28,882.16,2422.08,2809.96,1921.37,386.87,1126.84,2323.86,1517.54,775.76,2295.25,2251.5,2344.68,1992.65,2208.3,1324.68,1055.34,1607.09,1997.88,385.98,2465.69,2728.7,851.36,1501.62,1679.99,1266.67,2295.62,999.05,2591.78,570.46,1171.88,1257.8,1329.74,1550.23,1909.72,1196.31,1252.02,1979.9,2041.37,2780.48,716.67
New World Mt Roskill,2520.82,1952.61,2266.72,2718.47,2673.2,2044.81,796.38,1688.83,2191.7,2907.69,2000.64,1317.67,2204.09,578.15,0,768.6,1236.1,2048.45,2231.92,1343.33,940.47,1480.77,1745.82,1871.47,1276.66,2478.32,2334.02,1766.63,2346.58,1993.34,1507.74,1238.41,1029.05,1504.41,487.03,2092.06,2150.66,626.52,1855.55,2033.92,1449.74,1921.99,1352.99,2376.82,1085.43,1525.82,1440.87,1181.16,1733.3,2263.66,618.26,1605.95,1764.94,2395.31,2963.55,192.26
New World New Lynn,2536.4,2255.94,2834.51,2734.05,2976.52,2348.14,459.36,1704.41,3063.93,2923.27,2303.97,1621,2507.42,844.31,755.78,0,1539.43,2616.24,2799.71,1911.13,892.79,1784.1,2313.61,2174.8,1579.99,2493.9,2901.82,2334.43,2649.91,2865.56,1144.94,1253.98,1596.85,2072.2,505.45,2659.85,2718.46,1194.31,2158.88,2337.25,1465.31,2489.78,1656.32,3249.04,1388.76,1829.15,1456.45,607.82,1748.88,2566.99,1186.06,1909.28,2637.17,2698.64,2979.13,820.37
New World Newmarket,1840.9,1354.96,1589.1,2038.55,2075.55,867.37,1654.14,1829.68,1745.4,2227.77,1402.99,613.33,1606.44,784.44,1215.08,1443.75,0,1760.81,2165.2,1382.41,745.92,423.75,1679.1,856.27,693.85,1798.4,1590.24,2153.12,1331.38,1547.04,1648.59,1379.25,1931.01,1336.61,988.73,1804.43,2083.94,668.73,840.35,1436.27,1590.58,1634.36,688.53,1930.51,428.87,510.62,1581.71,1811.65,1874.14,1666.01,816.08,590.75,1318.64,1192.98,2283.63,1339.77
New World Ormiston,3330.65,2844.71,557.79,3528.3,3565.29,2265.45,2600.62,3319.42,1087.89,3717.52,2892.73,2103.07,3096.19,2274.19,2004.55,2523.86,1838.87,0,1519.1,887.6,2235.67,1806.82,1033.01,1726.13,2183.59,3288.15,625.09,1268.35,2030.73,1112.26,3138.33,2869,1458.1,609.59,2273.46,103.85,1437.85,1884.69,1296.49,2926.02,3080.33,200.53,2178.27,1114.52,1918.61,1526.65,3071.46,2985.4,3363.89,3155.76,1817.4,1790.82,1002.22,2271.55,3773.37,2129.24
New World Papakura,3780.93,3294.99,2062.22,3978.58,4015.57,2715.73,2918.05,3769.7,2592.32,4167.79,3343.01,2553.35,3546.47,2724.47,2321.98,2841.29,2289.15,1530.33,0,1516.46,2685.95,2257.1,896.36,2176.4,2633.87,3738.42,2129.53,1200.3,2481.01,2605.1,3588.61,3319.27,1775.53,1240.73,2590.89,1496.69,252.35,2403.72,1746.77,3376.3,3530.6,1614.28,2628.55,2618.96,2368.89,1976.93,3521.74,3302.83,3814.17,3606.04,2178.2,2241.1,2082.1,2721.83,4223.65,2446.67
New World Papatoetoe,2918.01,2432.07,1120.89,3115.66,3152.65,1852.81,2014.96,2734.92,1650.99,3304.88,2480.09,1690.43,2683.55,1861.55,1418.9,1938.21,1426.23,890.73,1453.73,0,1823.03,1394.18,785.56,1313.48,1770.95,2875.51,1188.19,951.31,1618.09,1675.36,2553.83,2284.49,777.49,404.25,1687.8,934.35,1372.47,1500.64,883.85,2513.38,2495.82,764.28,1765.63,1677.62,1505.97,1114.01,2486.96,2399.75,2779.39,2743.12,1275.12,1378.18,1282.54,1858.91,3360.73,1543.59
New World Point Chevalier,2193.45,1488.89,2140.57,2391.1,2209.47,1581.08,1097.27,1361.46,2296.87,2580.31,1536.91,853.95,1740.36,392.42,860.05,909.31,772.37,2312.29,2716.67,1890.25,0,1017.05,2230.57,1407.75,812.93,2150.95,2141.71,2313.55,1882.86,2098.51,1180.37,911.03,1575.97,1888.09,437.02,2355.9,2635.42,1173.44,1391.83,1570.2,1122.36,2185.83,889.26,2481.99,621.7,1062.09,1113.49,1300.21,1405.92,1799.94,1165.18,1142.22,1870.11,1931.58,2636.17,984.74
New World Remuera,2091.75,1605.81,1484.8,2289.4,2326.4,683.73,1904.99,2080.53,1641.1,2478.62,1653.84,864.18,1857.29,1035.29,1465.94,1694.6,388.83,1656.51,2060.9,1278.11,996.77,0,1574.8,571.02,944.7,2049.25,1485.94,2048.82,1002.11,1442.73,1899.44,1630.1,1572.38,1232.31,1239.58,1700.13,1979.64,711.37,736.05,1687.12,1841.43,1530.06,939.38,1826.21,679.72,406.32,1832.56,2062.5,2124.99,1916.86,678.66,226.21,1214.34,1009.34,2534.48,1590.62
New World Southmall,3223.45,2737.51,1203.03,3421.1,3458.09,2158.25,2360.58,3212.23,1733.14,3610.32,2785.54,1995.88,2988.99,2166.99,1764.51,2283.82,1731.68,953.84,926.07,958.99,2128.47,1699.63,0,1618.93,2076.4,3180.95,1270.34,482.88,1923.54,2047.62,3031.14,2761.8,1218.05,683.25,2033.41,997.45,769.88,1846.25,1189.29,2818.82,2973.13,858.3,2071.07,1759.77,1811.42,1419.46,2964.26,2745.36,3256.69,3048.56,1620.73,1683.62,1524.63,2164.35,3666.18,1889.2
New World Stonefields,2402.05,1916.11,1248.55,2599.7,2636.69,751.12,2215.29,2390.82,1382.92,2788.92,1964.14,1174.47,2167.59,1345.59,1776.23,2004.89,910.27,1653.88,2058.26,1275.48,1307.07,590.5,1572.17,0,1254.99,2359.55,1249.69,2046.19,626.02,1184.55,2209.74,1940.4,2021.43,1229.68,1549.87,1697.49,1977.01,997.16,531.98,1997.42,2151.73,1527.42,1249.67,1568.03,990.02,431.7,2142.86,2372.8,2435.29,2227.16,964.45,407.79,956.16,731.01,2844.77,1900.92
New World Victoria Park,1479.74,993.8,2191.32,1677.39,1714.38,1631.82,1670.14,1802.21,2347.61,1866.6,1041.82,314.86,1245.28,800.44,1231.08,1459.74,823.11,2363.03,2767.41,1984.63,761.92,1067.79,2281.32,1458.49,0,1437.23,2192.46,2755.34,1933.6,2149.25,1664.58,1395.24,1947,1938.83,1004.72,2406.64,2686.16,1327.62,1442.57,1075.11,1606.57,2236.57,382.63,2532.73,538.98,1112.84,1597.71,1827.64,1846.68,1304.85,1418.3,1192.97,1920.86,1982.33,1922.46,1355.77
Pak 'n Save Albany,131.55,1416.63,3047.56,530.43,1815.35,2488.07,2937.08,1084.19,3203.86,839.24,1142.79,1577.68,882.18,1887.96,2498.02,2500.17,1679.35,3219.27,3623.66,2840.87,1849.44,1924.03,3137.56,2314.73,1429.09,0,3048.7,3611.58,2789.84,3005.49,2118.87,1666.67,3213.94,2795.07,2092.25,3262.89,3542.4,2183.86,2298.81,758.88,1354.15,3092.81,1602.7,3388.97,1896.77,1969.08,1869.13,2637.03,1128.66,1284.87,2274.54,2049.21,2777.1,2838.57,895.09,2622.71
Pak 'n Save Botany,3119.6,2633.67,112.05,3317.25,3354.25,1680.34,2915.82,3108.38,546.29,3506.47,2681.69,1892.03,2885.15,2063.15,2319.75,2839.06,1627.83,622.08,1834.3,1199.08,2024.62,1595.78,1348.2,1245.69,1972.55,3077.1,0,1798.05,1349.88,570.66,2927.29,2657.95,1773.29,924.79,2267.43,665.69,1753.04,1673.64,1074.05,2714.98,2869.28,515.73,1967.23,572.92,1707.57,1315.61,2860.41,3090.35,3152.84,2944.72,1527.83,1579.78,494.66,1610.69,3562.33,2444.44
Pak 'n Save Clendon,3718.6,3232.66,1518.95,3916.25,3953.24,2653.4,2353.13,3073.08,2049.06,4105.46,3280.68,2491.02,3484.14,2406.69,1757.06,2276.37,2226.82,1269.76,1224.46,967.96,2324.72,2194.77,493.05,2114.07,2571.54,3676.09,1586.26,0,2418.68,2073.43,2891.99,2622.66,1210.6,1040.06,2025.96,1313.37,1068.27,1838.8,1684.44,3313.97,2833.99,1174.23,2566.22,2075.69,2306.56,1914.6,2825.12,2737.91,3117.55,3543.71,1613.28,2178.77,2019.77,2659.5,4161.32,1881.75
Pak 'n Save Glen Innes,2838.83,2352.89,1372.92,3036.48,3073.48,513.37,2652.07,2827.6,1507.28,3225.7,2400.92,1370.02,2604.37,1782.37,2213.01,2441.68,1229.7,1991.36,2395.75,1612.96,1743.85,999.43,1909.65,637.57,1691.78,2796.33,1374.06,2383.67,0,1308.92,2646.52,2377.18,2358.92,1567.17,1986.66,2034.98,2314.49,1433.94,837.7,2434.2,2588.51,1864.91,1314,1692.4,1426.8,868.48,2579.64,2809.58,2872.07,2663.94,1401.23,736.37,1080.52,408.08,3281.56,2337.7
Pak 'n Save Highland Park,3107.2,2621.26,586.64,3304.85,3341.84,1658.89,2920.44,3095.97,253.13,3494.07,2669.28,1879.62,2872.74,2050.74,2481.38,2710.04,1615.42,1096.68,2308.9,1612.75,2012.22,1583.37,1822.8,1224.24,1960.14,3064.7,516.45,2272.65,1328.42,0,2914.89,2645.55,2247.89,1399.39,2255.02,1140.29,2227.64,1661.24,1061.65,2702.57,2856.88,990.33,1954.82,438.24,1695.17,1303.2,2848.01,3077.95,3140.44,2932.31,1515.42,1567.37,420.47,1589.23,3549.92,2606.07
Pak 'n Save Henderson,2087.53,2388.32,3040.01,2285.18,3108.9,2480.52,1256.86,1255.54,3196.31,2474.4,2436.34,1753.38,2274.97,1458.15,1559.7,1143.68,1671.81,3211.73,3616.11,2589.9,1172.56,1916.48,3130.01,2307.18,1712.37,2045.03,3041.15,3013.2,2782.29,2997.95,0,488.47,2275.62,2787.52,1469.93,3255.34,3534.85,1873.09,2291.26,2151.66,1016.44,3085.27,1788.7,3381.42,1521.14,1961.53,427.35,778.24,1300.01,2457.39,1864.83,2041.66,2769.55,2831.02,2530.25,1684.39
Pak 'n Save Lincoln Road,1669.7,2148.46,2800.15,1867.35,2790.3,2240.66,1758.9,837.71,2956.45,2056.57,2117.74,1513.52,1857.14,1218.29,1319.84,1321.99,1431.95,2971.87,3376.25,2350.04,932.71,1676.62,2890.15,2067.32,1472.51,1627.2,2801.29,2773.34,2542.43,2758.09,500.2,0,2035.76,2547.67,1230.07,3015.48,3294.99,1633.23,2051.4,1733.84,598.61,2845.41,1548.84,3141.56,1281.28,1721.67,235.85,1146.2,882.18,2039.57,1624.97,1801.8,2529.69,2591.16,2112.43,1444.53
Pak 'n Save Mangere,3154.88,2586.67,1805.03,3352.53,3307.25,2624.26,1602.94,2322.89,2335.13,3541.75,2634.7,1951.73,2838.15,1656.5,1006.87,1526.18,1870.16,1586.76,1770.22,789.56,1574.53,1580.03,1284.13,2084.93,1910.72,3112.38,1872.33,1304.94,2389.54,2513.63,2141.8,1872.47,0,1042.72,1275.77,1630.37,1688.97,1088.61,1655.3,2667.98,2083.8,1460.3,1987.05,2361.76,1719.49,1885.46,2074.93,1987.72,2367.36,2897.72,863.09,2149.63,1990.63,2630.36,3597.61,1131.56
Pak 'n Save Manukau,2888.11,2402.17,860.72,3085.76,3122.75,1822.91,2164.71,2876.88,1390.83,3274.98,2450.2,1660.54,2653.65,1831.65,1568.64,2087.96,1396.33,642.45,1187.02,381.07,1793.13,1364.28,700.92,1283.59,1741.05,2845.61,928.03,1005.4,1588.19,1415.2,2695.8,2426.46,1022.19,0,1837.55,686.07,1105.76,1442.15,853.95,2483.48,2637.79,515.99,1735.73,1417.46,1476.08,1084.12,2628.92,2549.49,2921.35,2713.22,1374.87,1348.28,1189.29,1829.01,3330.83,1693.33
Pak 'n Save Mt Albert,2451.28,1792.84,2550.36,2648.93,2513.43,1885.04,697.62,1619.29,2600.83,2838.15,1840.87,1157.91,2044.32,366.86,481.6,509.67,1076.33,2332.08,2515.55,1626.97,415.33,1321.01,2029.46,1711.71,982.5,2408.78,2617.66,2050.27,2186.81,2402.47,1438.2,1168.87,1312.69,1788.05,0,2375.7,2434.3,910.15,1695.79,1874.16,1380.2,2205.63,1193.22,2785.95,857.49,1366.05,1371.33,981.13,1663.76,2103.89,901.9,1446.18,2174.07,2235.54,2894.01,637.07
Pak 'n Save Ormiston,3367.62,2881.68,594.75,3565.27,3602.26,2302.42,2637.59,3356.39,1124.86,3754.48,2929.7,2140.04,3133.16,2311.16,2041.52,2560.83,1875.84,108.21,1556.07,924.57,2272.64,1843.79,1069.97,1763.09,2220.56,3325.11,662.06,1305.31,2067.7,1149.23,3175.3,2905.96,1495.06,646.56,2310.42,0,1376.21,1921.65,1333.46,2962.99,3117.29,237.5,2215.24,1151.49,1955.58,1563.62,3108.43,3022.37,3400.86,3192.73,1854.37,1827.79,1039.19,2308.52,3810.34,2166.21
Pak 'n Save Papakura,3696.27,3210.33,1797.49,3893.92,3930.91,2631.07,2833.39,3685.04,2327.6,4083.13,3258.35,2468.69,3461.81,2639.81,2237.32,2756.64,2204.49,1454.57,254.53,1431.81,2601.29,2172.44,731.67,2091.74,2549.21,3653.76,1864.8,1035.61,2396.35,2520.44,3503.95,3234.61,1690.87,1156.07,2506.23,1420.94,0,2319.06,1662.11,3291.64,3445.95,1452.76,2543.89,2328.25,2284.23,1892.27,3437.08,3218.17,3729.51,3521.38,2093.54,2156.44,1997.44,2637.17,4138.99,2362.01
Pak 'n Save Royal Oak,2269.96,1784.02,1718.01,2467.61,2504.6,1263.37,1299.45,2019.4,1874.3,2656.82,1832.04,1042.38,2035.5,824.08,703.38,1222.69,676.41,1889.72,2243.96,1355.38,1271.04,731.31,1757.87,983.37,1122.9,2227.46,1719.15,1778.68,1458.48,1675.94,1838.31,1568.98,1041.1,1516.46,972.28,1933.33,2162.71,0,969.26,1865.33,1780.31,1763.26,1117.58,2059.42,857.92,610.11,1771.44,1684.23,2063.87,2095.07,212.81,788.74,1447.55,1507.21,2712.68,828.07
Pak 'n Save Sylvia Park,2416.17,1930.23,1103.08,2613.82,2650.82,1088.92,2229.41,2404.95,1259.38,2803.04,1978.26,1188.6,2181.71,1359.71,1790.36,2019.02,924.4,1245.56,1649.94,867.15,1321.19,892.35,1163.84,556.57,1269.12,2373.67,1104.22,1637.86,827.99,1061.02,2223.86,1954.52,1613.11,821.36,1564,1289.17,1568.68,970.21,0,2011.55,2165.85,1119.1,1263.8,1444.49,1004.14,449.5,2156.98,2386.92,2449.41,2241.28,902.93,876.34,832.62,1068.81,2858.9,1915.04
Pak 'n Save Wairau Road,772.08,775.29,2692.34,969.73,1460.13,2132.85,2402.44,1094.56,2848.64,1158.95,558.95,1222.46,351.51,1532.74,1963.39,2192.05,1324.14,2864.05,3268.44,2485.65,1494.22,1568.81,2782.34,1959.51,1073.88,729.58,2693.48,3256.36,2434.62,2650.27,2129.24,1677.03,2679.31,2439.85,1737.03,2907.67,3187.18,1828.64,1943.59,0,1364.51,2737.6,1247.48,3033.75,1541.56,1613.86,1879.49,2647.4,1139.03,718.94,1919.32,1693.99,2421.88,2483.35,1214.81,2088.07
Pak 'n Save Westgate,1362.03,2083.91,2985.93,1559.68,2482.63,2426.44,1944.67,530.03,3142.22,1748.89,1810.07,1699.3,1549.46,1404.07,1505.62,1507.77,1617.72,3157.64,3562.02,2535.82,1118.48,1862.4,3075.93,2253.1,1658.29,1319.52,2987.07,2959.12,2728.21,2943.86,1126.47,674.27,2221.54,2733.44,1415.84,3201.25,3480.77,1819,2237.18,1426.16,0,3031.18,1734.62,3327.34,1467.05,1907.45,876.73,1644.63,574.5,1731.89,1810.75,1987.58,2715.47,2776.94,1804.75,1630.31
Four Square Botany Junction,3161.44,2675.5,466.52,3359.09,3396.08,2096.24,2431.41,3150.21,996.62,3548.3,2723.52,1933.86,2926.98,2104.98,1835.34,2354.65,1669.66,204.93,1349.89,717.73,2066.46,1637.61,863.79,1556.91,2014.38,3118.93,533.83,1313.64,1861.52,1020.99,2969.12,2699.78,1288.88,440.38,2104.24,248.54,1268.64,1715.47,1127.28,2756.81,2911.11,0,2009.06,1023.25,1749.4,1357.44,2902.25,2816.19,3194.68,2986.55,1648.19,1621.61,910.95,2102.34,3604.16,1960.03
Four Square Britomart,1656.84,1170.9,1985.77,1854.49,1891.48,974.37,1726.85,1902.39,2142.06,2043.71,1218.92,101.21,1422.38,857.15,1287.8,1516.46,617.56,2157.48,2561.86,1779.07,818.63,862.24,2075.76,1252.94,381.71,1614.34,1986.91,2549.79,1387.12,1943.7,1721.3,1451.96,2003.72,1733.28,1061.44,2201.09,2480.61,1122.07,1237.02,1252.21,1663.29,2031.02,0,2327.18,573.27,907.28,1654.42,1884.36,1946.85,1481.95,1212.74,987.42,1715.31,1205.42,2099.56,1412.48
Four Square Cockle Bay,3470.6,2984.66,566.59,3668.25,3705.24,2022.29,3283.84,3459.37,217.99,3857.47,3032.68,2243.02,3236.14,2414.14,2844.78,3073.44,1978.82,1076.63,2288.84,1592.7,2375.62,1946.77,1802.75,1587.64,2323.54,3428.1,496.4,2252.59,1691.82,438.78,3278.28,3008.95,2227.84,1379.33,2618.42,1120.24,2207.59,2024.64,1425.05,3065.97,3220.28,970.27,2318.22,0,2058.57,1666.6,3211.41,3441.35,3503.84,3295.71,1878.82,1930.77,783.87,1952.63,3913.32,2969.47
Four Square Eden Terrace,2052.16,1566.22,1790.91,2249.81,2286.8,1231.42,1442.53,1618.06,1947.21,2439.03,1614.24,454.04,1817.7,572.83,1003.47,1232.13,422.71,1962.63,2367.01,1584.22,534.31,667.38,1880.91,1058.08,536.43,2009.66,1792.05,2354.93,1533.19,1748.84,1436.97,1167.64,1719.39,1538.43,777.11,2006.24,2285.75,808.41,1042.16,1647.53,1378.97,1836.17,584.77,2132.32,0,712.43,1370.1,1600.04,1662.53,1877.27,1017.89,792.56,1520.45,1581.92,2494.88,1128.16
Four Square Ellerslie,2216.77,1730.83,1317.78,2414.42,2451.41,896.92,2030,2205.54,1474.08,2603.63,1778.85,989.19,1982.31,1160.31,1590.95,1819.61,724.99,1489.49,1893.88,1111.09,1121.79,443.26,1407.78,433.17,1069.71,2174.26,1318.92,1881.8,908.28,1275.71,2024.45,1755.11,1857.04,1065.29,1364.59,1533.11,1812.62,613.74,569.03,1812.14,1966.44,1363.04,1064.39,1659.19,804.73,0,1957.57,2187.51,2250.01,2041.88,581.03,288.05,1047.32,957.01,2659.49,1715.64
Four Square Fair Price Henderson,1878.47,2357.23,3008.92,2076.12,2999.07,2449.43,1561.28,1046.48,3165.22,2265.34,2326.51,1722.29,2065.91,1427.06,1528.61,1530.76,1640.71,3180.63,3585.02,2558.81,1141.47,1885.39,3098.92,2276.09,1681.28,1835.97,3010.06,2982.11,2751.2,2966.85,402.91,242.15,2244.53,2756.43,1438.84,3224.25,3503.76,1841.99,2260.17,1942.6,807.38,3054.18,1757.61,3350.33,1490.05,1930.44,0,1082.66,1090.94,2248.33,1833.74,2010.57,2738.46,2799.93,2321.19,1653.3
Four Square Glen Eden,2657.16,2651.27,3302.96,2854.81,3371.86,2743.47,615.77,1825.17,3459.26,3044.03,2699.3,2016.33,2844.6,1363.74,1246.84,669.98,1934.76,3168.88,3352.35,2463.76,1315.51,2179.44,2866.25,2570.14,1975.32,2614.66,3304.1,2887.07,3045.24,3260.9,770.71,1135.67,2149.49,2624.84,1024.89,3212.49,3271.09,1746.95,2554.21,2721.29,1586.07,3042.42,2051.65,3644.38,1784.09,2224.48,1074.41,0,1869.64,3027.02,1738.7,2304.61,3032.5,3093.97,3099.88,1311.42
Four Square Hobsonville,1170.66,1892.54,3176.9,1368.31,2291.26,2617.41,2135.65,52.05,3333.2,1557.53,1618.7,1890.27,1358.1,1595.04,1696.59,1698.74,1808.7,3348.62,3753,2726.79,1309.46,2053.38,3266.9,2444.07,1849.26,1128.16,3178.04,3150.1,2919.18,3134.84,1317.45,865.24,2412.51,2924.42,1606.82,3392.23,3671.74,2009.98,2428.15,1234.8,552.72,3222.16,1925.59,3518.31,1658.03,2098.42,1067.7,1835.61,0,1540.53,2001.73,2178.55,2906.44,2967.91,1613.39,1821.28
Four Square Lancaster,1318.44,440.93,3027.49,1516.09,1883.61,2468,2737.59,1469.08,3183.79,1705.31,1170.57,1557.61,1038.65,1867.89,2298.53,2527.2,1659.29,3199.2,3603.59,2820.8,1829.37,1903.96,3117.49,2294.66,1409.02,1275.94,3028.63,3591.51,2769.77,2985.42,2503.76,2051.56,3014.46,2775,2072.18,3242.81,3522.33,2163.79,2278.74,709.21,1739.04,3072.75,1582.63,3368.9,1876.7,1949.01,2254.02,3021.93,1513.55,0,2254.47,2029.14,2757.03,2818.5,1761.16,2423.22
Four Square Onehunga,2338.19,1852.25,1574.96,2535.84,2572.83,1244.73,1248.59,1968.54,1731.26,2725.06,1900.27,1110.61,2103.73,970.74,652.52,1171.83,801.77,1860.49,2043.96,1155.37,1220.18,712.68,1557.86,964.73,1191.13,2295.69,1576.1,1578.68,1439.84,1532.9,1787.46,1518.12,841.09,1316.45,921.42,1904.1,1962.7,213.71,917.4,1933.56,1729.45,1734.03,1185.81,1916.38,926.16,591.47,1720.58,1633.37,2013.01,2163.3,0,770.1,1304.5,1488.57,2780.91,777.21
Four Square Remuera,2145.04,1659.1,1538.08,2342.69,2379.68,608.87,1958.28,2133.81,1694.38,2531.91,1707.12,917.46,1910.58,1088.58,1519.22,1747.88,571.66,1709.8,2114.18,1331.39,1050.06,263.07,1628.08,421.27,997.98,2102.54,1539.22,2102.11,775.9,1496.02,1952.72,1683.39,1581.08,1285.6,1292.86,1753.41,2032.93,772.7,789.34,1740.41,1894.72,1583.34,992.66,1879.5,733,295.09,1885.85,2115.78,2178.28,1970.15,739.98,0,1267.62,824.63,2587.76,1643.91
Four Square Pakuranga Heights,2859.27,2373.33,486.33,3056.92,3093.92,1420.01,2672.51,2848.05,660.44,3246.14,2421.36,1631.7,2624.81,1802.81,2233.46,2462.12,1367.5,956.9,2079.36,1255.92,1764.29,1335.45,1593.26,985.36,1712.22,2816.77,487.47,2067.28,1089.55,462.08,2666.96,2397.62,2042.53,1250.78,2007.1,1000.51,1998.1,1413.31,813.72,2454.64,2608.95,844.66,1706.9,845.55,1447.24,1055.28,2600.08,2830.02,2892.51,2684.38,1267.49,1319.44,0,1350.35,3302,2358.14
Four Square St Heliers,2940.23,2454.28,1619.95,3137.88,3174.87,481.49,2557.89,2733.42,1754.32,3327.09,2502.31,1256.68,2705.76,1688.19,2118.83,2347.49,1197.82,2222.24,2626.62,1843.83,1649.67,1042.58,2140.52,738.96,1793.17,2897.72,1621.09,2614.55,445.63,1555.95,2552.33,2283,2589.79,1798.04,1892.47,2265.85,2545.37,1535.33,1068.57,2535.6,2494.33,2095.78,1200.66,1939.43,1528.19,969.87,2485.46,2715.4,2777.89,2765.33,1502.62,837.76,1327.56,0,3382.95,2243.52
Four Square Torbay,834.46,1927.93,3558.86,435.71,2326.65,2999.37,3448.38,1595.49,3715.16,210.2,1654.09,2088.98,1393.48,2399.26,3009.32,3011.47,2190.66,3730.57,4134.96,3352.17,2360.74,2435.33,3648.86,2826.03,1940.39,936.2,3560,4122.88,3301.14,3516.79,2630.17,2177.97,3725.24,3306.37,2603.54,3774.19,4053.7,2695.16,2810.11,1270.18,1865.45,3604.11,2114,3900.27,2408.07,2480.38,2380.43,3148.33,1639.96,1796.17,2785.84,2560.51,3288.4,3349.87,0,3134.01
Warehouse,2679.78,2111.57,2425.68,2877.43,2832.15,2203.77,869.1,1847.79,2350.66,3066.65,2159.59,1476.63,2363.05,737.11,200.4,841.32,1395.06,2207.4,2390.87,1502.29,1099.43,1639.73,1904.78,2030.43,1435.62,2637.28,2492.98,1925.59,2505.54,2152.3,1666.7,1397.36,1188.01,1663.37,662.2,2251.02,2309.62,785.47,2014.51,2192.88,1608.69,2080.95,1511.95,2535.77,1244.39,1684.78,1599.83,1253.88,1892.26,2422.62,777.22,1764.91,1923.9,2554.27,3122.51,0
